session_id,participant_id,status,started_datetime,completed_date_time,time_taken,age,num_approvals,num_rejections,prolific_score,reviewed_at_datetime,entered_code,Country of Birth,Current Country of Residence,Employment Status,First Language,First language,Nationality,Sex,Student Status,Vision
5ff6f3cda9a8852d002f5339,5f066623d73d2010f4c7c21c,RETURNED,2021-01-07 11:43:17.907000,,98428.483501,22,57,1,100,,,CONSENT REVOKED,CONSENT REVOKED,CONSENT REVOKED,CONSENT REVOKED,CONSENT REVOKED,CONSENT REVOKED,CONSENT REVOKED,CONSENT REVOKED,CONSENT REVOKED
5ff6f4566345d72d1c2e0809,5ef089044e663d0ac00def4b,APPROVED,2021-01-07 11:45:26.542000,2021-01-07 11:54:34.131000,547.589,26,136,0,100,2021-01-07 11:57:43.946000,4422804F,United Kingdom,United Kingdom,Part-Time,English,English,United Kingdom,Male,No,Yes
5ff6f76e80d5bf2df6f986ae,5f1ad337b6464a21cea3a611,APPROVED,2021-01-07 11:58:40.907000,2021-01-07 12:08:48.671000,607.764,46,43,1,100,2021-01-07 12:09:04.373000,4422804F,United Kingdom,United Kingdom,Other,English,English,United Kingdom,Female,Yes,Yes
5ff6f77ef048212d7e1bb4f4,5c0c40015b32d500012ef32d,APPROVED,2021-01-07 11:59:01.970000,2021-01-07 12:21:57.684000,1375.714,73,304,3,99,2021-01-07 12:22:11.313000,4422804F,United Kingdom,United Kingdom,,English,,United Kingdom,Female,No,Yes
5ff6f78d745cf62d9d8dbb5f,5d42efe8d8012400014ca4f2,APPROVED,2021-01-07 11:59:38.877000,2021-01-07 12:08:51.871000,552.994,35,92,1,100,2021-01-07 12:09:03.688000,4422804F,United Kingdom,United Kingdom,"Not in paid work (e.g. homemaker', 'retired or disabled)",English,English,United Kingdom,Female,No,Yes
5ff6f791f2027f2e796fb76b,5ecc3a285a04af439dca846d,RETURNED,2021-01-07 12:04:53.273000,,97133.908943,19,88,0,100,,,CONSENT REVOKED,CONSENT REVOKED,CONSENT REVOKED,CONSENT REVOKED,CONSENT REVOKED,CONSENT REVOKED,CONSENT REVOKED,CONSENT REVOKED,CONSENT REVOKED
5ff6f964a2b5842db33174e3,5f98a1ee466c461ab0067571,APPROVED,2021-01-07 12:07:09.350000,2021-01-07 12:18:55.156000,705.806,56,11,0,100,2021-01-07 12:20:36.565000,4422804F,United Kingdom,United Kingdom,Full-Time,,English,United Kingdom,Male,No,Yes
5ff6fcfbc755582e938deb54,5e68b5323f1867000dd39a05,APPROVED,2021-01-07 12:22:23.247000,2021-01-07 12:37:53.825000,930.578,27,124,1,100,2021-01-07 14:58:08.414000,4422804F,United Kingdom,United Kingdom,Full-Time,English,,United Kingdom,Female,No,Yes
5ff6fd0271ad562e4543c04b,5eb45f0df625d52a7ebdf0ea,APPROVED,2021-01-07 12:22:26.076000,2021-01-07 12:40:13.560000,1067.484,20,247,0,100,2021-01-07 14:58:12.559000,4422804F,United Kingdom,United Kingdom,Part-Time,English,English,United Kingdom,Female,Yes,Yes
5ff6fd03d517362e94bcf776,5ebeb430b3bf7e087412aefc,APPROVED,2021-01-07 12:22:30.009000,2021-01-07 12:32:40.424000,610.415,31,64,2,97,2021-01-07 12:34:35.790000,4422804F,United Kingdom,United Kingdom,Unemployed (and job seeking),English,,United Kingdom,Female,No,Yes
5ff6fd069927432dd9bfda79,5dc73e434faf95534af77e74,APPROVED,2021-01-07 12:22:30.021000,2021-01-07 12:29:48.636000,438.615,19,204,3,98,2021-01-07 12:30:24.768000,4422804F,Sri Lanka,United Kingdom,Other,English,English,United Kingdom,Male,Yes,Yes
5ff6fd085a30632ebec12e8c,5fa9392c0cc79c03b3f4eb58,RETURNED,2021-01-07 12:22:32.711000,,96077.786988,44,29,0,100,,,CONSENT REVOKED,CONSENT REVOKED,CONSENT REVOKED,CONSENT REVOKED,CONSENT REVOKED,CONSENT REVOKED,CONSENT REVOKED,CONSENT REVOKED,CONSENT REVOKED
5ff6fd0f114a0f2dbcadfd6e,5e7c74139bebe52af249824b,APPROVED,2021-01-07 12:22:42.464000,2021-01-07 12:33:16.154000,633.69,26,103,2,99,2021-01-07 12:34:34.016000,4422804F,Australia,United Kingdom,Full-Time,English,English,United Kingdom,Female,Yes,Yes
5ff6fd21932d562ea8362b39,5e054293dd997bf92d8d4e40,RETURNED,2021-01-07 12:22:57.659000,,96053.095213,62,91,0,100,,,CONSENT REVOKED,CONSENT REVOKED,CONSENT REVOKED,CONSENT REVOKED,CONSENT REVOKED,CONSENT REVOKED,CONSENT REVOKED,CONSENT REVOKED,CONSENT REVOKED
5ff6fd226525b12ead1fda67,5d75555c99bf5b0018864ed3,APPROVED,2021-01-07 12:22:58.122000,2021-01-07 12:37:14.205000,856.083,32,214,2,100,2021-01-07 14:58:17.565000,4422804F,United Kingdom,United Kingdom,Other,English,,United Kingdom,Female,Yes,Yes
5ff6fd24ca1cd92ea2df6ae7,5e8f569436e20a234f89a6f4,APPROVED,2021-01-07 12:23:14.639000,2021-01-07 12:36:55.652000,821.013,64,181,0,100,2021-01-07 14:58:21.984000,4422804F,United Kingdom,United Kingdom,Part-Time,English,,United Kingdom,Male,No,Yes
5ff6fd28ebc3bd2e56c2e816,5f2c53866fe20e0f4df15f54,APPROVED,2021-01-07 12:23:08.204000,2021-01-07 12:38:45.537000,937.333,37,83,1,100,2021-01-07 14:58:26.473000,4422804F,United Kingdom,United Kingdom,Unemployed (and job seeking),English,English,United Kingdom,Female,No,Yes
5ff6fd2afb8b252eae5622e1,5eea8ce1177f5a19a860bbe5,APPROVED,2021-01-07 12:23:06.249000,2021-01-07 12:34:51.620000,705.371,42,130,1,100,2021-01-07 14:58:29.901000,4422804F,United Kingdom,United Kingdom,"Not in paid work (e.g. homemaker', 'retired or disabled)",English,English,United Kingdom,Female,No,Yes
5ff6fd2c060a2a2be3a4bb14,5dd3e9d93228863b9c89ad1a,RETURNED,2021-01-07 12:23:12.381000,,96039.215562,52,338,0,100,,,CONSENT REVOKED,CONSENT REVOKED,CONSENT REVOKED,CONSENT REVOKED,CONSENT REVOKED,CONSENT REVOKED,CONSENT REVOKED,CONSENT REVOKED,CONSENT REVOKED
5ff6fd3103510f2f25f96449,5f91788c93fac106f80b8a63,APPROVED,2021-01-07 12:23:13.271000,2021-01-07 12:36:02.890000,769.619,70,18,0,100,2021-01-07 14:58:33.759000,NOCODE,United Kingdom,,Other,,English,United Kingdom,Female,No,Yes
5ff6fd32760d2b2ed1e74d12,5d52b9b351ffbf00019fc578,APPROVED,2021-01-07 12:23:14.746000,2021-01-07 12:33:33.919000,619.173,47,468,1,100,2021-01-07 12:34:41.394000,4422804F,United Kingdom,United Kingdom,Unemployed (and job seeking),English,English,United Kingdom,Female,No,Yes
5ff6fd35d6f3fa2f6096b6d4,5e7257649b289e07c047155f,APPROVED,2021-01-07 12:23:17.007000,2021-01-07 12:58:15.090000,2098.083,36,211,1,100,2021-01-07 14:58:37.467000,4422804F,Nigeria,United Kingdom,Full-Time,English,English,Nigeria,Male,No,Yes
5ff6fd3baffef22dc7712780,5c4a3a9ad3a5e3000182c54a,APPROVED,2021-01-07 12:23:25.876000,2021-01-07 12:33:59.056000,633.18,52,194,0,100,2021-01-07 12:34:40.061000,4422804F,United Kingdom,United Kingdom,Part-Time,English,,United Kingdom,Female,No,Yes
5ff6fd3c2dbdfb2e426f41f4,5c1d232074ad0b0001531eea,RETURNED,2021-01-07 12:24:10.636000,,95981.670451,31,659,1,100,,,CONSENT REVOKED,CONSENT REVOKED,CONSENT REVOKED,CONSENT REVOKED,CONSENT REVOKED,CONSENT REVOKED,CONSENT REVOKED,CONSENT REVOKED,CONSENT REVOKED
5ff6fd3dffc22d2cc2446b21,5e71ab071b6e9c0d4c356574,APPROVED,2021-01-07 12:23:25.278000,2021-01-07 12:47:03.391000,1418.113,64,124,0,100,2021-01-07 14:58:41.779000,4422804F,Netherlands,Australia,"Not in paid work (e.g. homemaker', 'retired or disabled)",English,English,Netherlands,Female,No,Yes
5ff6fd41907fdc2ec136f718,5c5744cfb7cf140001d39d81,APPROVED,2021-01-07 12:23:29.194000,2021-01-07 12:36:35.085000,785.891,37,93,0,100,2021-01-07 14:58:45.837000,4422804F,United Kingdom,United Kingdom,Unemployed (and job seeking),English,English,United Kingdom,Female,No,Yes
5ff6fd424368b82df1a9e6c4,56ea3053f20ef3000c946e75,APPROVED,2021-01-07 12:32:50.406000,2021-01-07 12:42:08.427000,558.021,30,760,11,98,2021-01-07 14:58:49.272000,4422804F,United Kingdom,United Kingdom,Part-Time,English,English,United Kingdom,Male,Yes,Yes
5ff6fd432282952dadd4f8c0,5f56bfb85619fa12df98d7d7,APPROVED,2021-01-07 12:23:31.392000,2021-01-07 12:38:13.690000,882.298,35,103,0,100,2021-01-07 14:58:55.324000,4422804F,United Kingdom,United Kingdom,"Not in paid work (e.g. homemaker', 'retired or disabled)",DATA EXPIRED,English,United Kingdom,Male,No,Yes
5ff6fd433c77792f37aef141,5eac3b9d594017087b3788af,APPROVED,2021-01-07 12:23:43.475000,2021-01-07 12:35:37.167000,713.692,51,218,1,100,2021-01-07 14:58:58.686000,4422804F,United Kingdom,United Kingdom,Full-Time,English,English,United Kingdom,Male,No,Yes
5ff6fd4420d7132e3e62f971,5ec935140a3dec42d4da7565,APPROVED,2021-01-07 12:23:38.278000,2021-01-07 12:43:10.568000,1172.29,67,183,0,100,2021-01-07 14:59:02.507000,4422804F,United Kingdom,United Kingdom,Other,English,English,United Kingdom,Female,No,Yes
5ff6fd45f048212f59b63ae0,57a25e691602010001041ab1,APPROVED,2021-01-07 12:23:37.599000,2021-01-07 12:34:17.139000,639.54,26,307,2,100,2021-01-07 12:34:31.311000,4422804F,United Kingdom,United Kingdom,DATA EXPIRED,English,,United Kingdom,Female,Yes,Yes
5ff6fd47d136652eee8c038a,5ea0627f31802801d5675c08,APPROVED,2021-01-07 12:23:35.575000,2021-01-07 12:40:51.653000,1036.078,61,236,0,100,2021-01-07 14:59:07.221000,4422804F,United Kingdom,United Kingdom,"Not in paid work (e.g. homemaker', 'retired or disabled)",English,English,United Kingdom,Male,No,Yes
5ff6fe00a9a8852e66fa080c,5fbe37674974272f0611e4ac,APPROVED,2021-01-07 12:26:40.371000,2021-01-07 12:35:24.574000,524.203,19,39,1,100,2021-01-07 14:59:10.565000,4422804F,United Kingdom,United Kingdom,Part-Time,DATA EXPIRED,English,United Kingdom,Male,Yes,Yes
5ff6fe00b9e1ed2e7528f783,5eb3180b1cfc100f09a7015a,APPROVED,2021-01-07 12:26:42.740000,2021-01-07 12:35:02.569000,499.829,20,105,1,100,2021-01-07 14:59:14.511000,4422804F,United Kingdom,United Kingdom,Part-Time,English,,United Kingdom,Female,Yes,Yes
5ff6fe265f93d32e2a283ac8,5c386c79887c000001b66ae1,APPROVED,2021-01-07 12:27:21.445000,2021-01-07 12:42:02.386000,880.941,61,417,1,100,2021-01-07 14:59:18.475000,4422804F,United Kingdom,United Kingdom,Part-Time,English,,United Kingdom,Female,No,Yes
5ff6fe878c6cb42e0ccd4728,58df90cecc6d9800018c5d58,APPROVED,2021-01-07 12:29:01.550000,2021-01-07 12:40:51.803000,710.253,32,1032,6,100,2021-01-07 14:59:23.782000,4422804F,United Kingdom,United Kingdom,Full-Time,English,English,United Kingdom,Female,No,Yes
5ff700fa88a5712fa6420d0a,5f38024629c8452b7fd18648,APPROVED,2021-01-07 12:39:26.396000,2021-01-07 13:08:44.397000,1758.001,18,4,0,100,2021-01-07 14:59:30.937000,4422804F,United Kingdom,United Kingdom,Other,,English,United Kingdom,Male,Yes,Yes
5ff700fe2282952ea0017de2,5b64de377b7f8600011305fa,APPROVED,2021-01-07 12:39:32.461000,2021-01-07 12:53:28.827000,836.366,28,535,0,100,2021-01-07 14:59:34.681000,4422804F,Ireland,Ireland,Full-Time,English,English,Ireland,Male,No,Yes
5ff700ff8de1ff2fd99fa4b4,5bfefb17e470190001ab7d06,TIMED-OUT,2021-01-07 12:39:30.902000,,95065.126866,25,315,6,97,,,United Kingdom,United Kingdom,Full-Time,English,English,United Kingdom,Female,Yes,Yes
5ff70102079ac1309328d493,5f8806a4a5234124fb53e5a7,APPROVED,2021-01-07 12:39:30.907000,2021-01-07 12:49:32.916000,602.009,20,63,1,100,2021-01-07 14:59:40.645000,4422804F,United Kingdom,United Kingdom,Other,DATA EXPIRED,English,United Kingdom,Female,Yes,Yes
5ff7010348090e2c2e44a236,5ebd5fa512c47d04402403da,RETURNED,2021-01-07 12:39:31.503000,,95064.83793,42,238,0,100,,,CONSENT REVOKED,CONSENT REVOKED,CONSENT REVOKED,CONSENT REVOKED,CONSENT REVOKED,CONSENT REVOKED,CONSENT REVOKED,CONSENT REVOKED,CONSENT REVOKED
5ff701076c8d832e37ae7bf6,54468870fdf99b648b6a5c69,APPROVED,2021-01-07 12:41:24.022000,2021-01-07 12:55:26.845000,842.823,39,1071,10,99,2021-01-07 14:59:45.395000,4422804F,United Kingdom,United Kingdom,Part-Time,English,English,United Kingdom,Female,No,Yes
5ff701080d726a2f58dc7a51,5e6bb512e18e0d03e89a7831,APPROVED,2021-01-07 12:39:38.569000,2021-01-07 12:48:33.363000,534.794,22,184,2,99,2021-01-07 14:59:52.847000,4422804F,United Kingdom,United Kingdom,Unemployed (and job seeking),English,English,United Kingdom,Female,Yes,Yes
5ff7010b84079f2bb6848f51,5fe3a3b0baa7c40a8d1b205f,APPROVED,2021-01-07 12:39:39.128000,2021-01-07 12:49:55.771000,616.643,24,8,0,100,2021-01-07 14:59:57.520000,4422804F,United Kingdom,United Kingdom,Full-Time,DATA EXPIRED,English,United Kingdom,Male,No,Yes
5ff7010b6ccb552e8d7c9336,5a553444ac56240001538de4,TIMED-OUT,2021-01-07 12:39:47.217000,,95049.748153,36,126,3,97,,,United Kingdom,United Kingdom,Part-Time,English,,United Kingdom,Female,No,Yes
5ff7010d15bb972f591e008a,5f1f270281baad0f2d82b406,APPROVED,2021-01-07 12:39:48.548000,2021-01-07 12:54:07.967000,859.419,20,46,0,100,2021-01-07 15:00:02.027000,4422804F,United Kingdom,United Kingdom,Unemployed (and job seeking),English,English,United Kingdom,Female,Yes,Yes
5ff7010ef67a7d2f9ff7ea58,5f4e785e2625ea05aae07ee5,RETURNED,2021-01-07 12:50:00.094000,,94437.089831,25,96,0,100,,,CONSENT REVOKED,CONSENT REVOKED,CONSENT REVOKED,CONSENT REVOKED,CONSENT REVOKED,CONSENT REVOKED,CONSENT REVOKED,CONSENT REVOKED,CONSENT REVOKED
5ff7010fea58f62f94bcb35b,5beb23c7524a340001927005,RETURNED,2021-01-07 12:39:48.522000,,95048.661916,20,254,1,100,,,CONSENT REVOKED,CONSENT REVOKED,CONSENT REVOKED,CONSENT REVOKED,CONSENT REVOKED,CONSENT REVOKED,CONSENT REVOKED,CONSENT REVOKED,CONSENT REVOKED
5ff7011115bb972f591e008b,598caf6833481c000164d13d,RETURNED,2021-01-07 12:39:45.748000,,95051.435957,34,646,2,100,,,CONSENT REVOKED,CONSENT REVOKED,CONSENT REVOKED,CONSENT REVOKED,CONSENT REVOKED,CONSENT REVOKED,CONSENT REVOKED,CONSENT REVOKED,CONSENT REVOKED
5ff7011203510f2fa499daa2,58c3d3caabafb2000142055f,APPROVED,2021-01-07 12:39:52.602000,2021-01-07 12:53:41.656000,829.054,59,460,3,100,2021-01-07 15:00:06.975000,4422804F,United Kingdom,United Kingdom,Part-Time,English,English,United Kingdom,Female,No,Yes
5ff701156525b12e38c36917,5e94721dcf3467000af77d5d,APPROVED,2021-01-07 12:39:49.021000,2021-01-07 12:49:29.799000,580.778,36,155,0,100,2021-01-07 15:00:16.803000,4422804F,United Kingdom,United Kingdom,Unemployed (and job seeking),English,English,United Kingdom,Female,No,Yes
5ff701151dc9d12ecac4813e,5f1d5591fe7ca36560aa455a,APPROVED,2021-01-07 12:39:49.826000,2021-01-07 12:52:58.072000,788.246,57,131,1,100,2021-01-07 15:00:12.987000,4422804F,United Kingdom,United Kingdom,Unemployed (and job seeking),English,,United Kingdom,Male,No,Yes
5ff70117aef12a2fe0c40f95,5efd22056ec55516587f32a6,APPROVED,2021-01-07 12:39:51.024000,2021-01-07 12:54:21.207000,870.183,23,188,0,100,2021-01-07 15:00:26.755000,4422804F,United Kingdom,United Kingdom,Full-Time,English,English,United Kingdom,Female,Yes,Yes
5ff7011784079f2cb3993797,5fc78656c7368206ab1c5174,APPROVED,2021-01-07 12:39:51.496000,2021-01-07 13:02:32.436000,1360.94,26,18,0,100,2021-01-07 15:00:21.837000,4422804F,,Germany,Unemployed (and job seeking),,English,,Female,Yes,Yes
5ff70117c672b42f00989e66,5c345ebad4f77a0001a91ec0,APPROVED,2021-01-07 12:39:51.932000,2021-01-07 12:50:33.898000,641.966,52,400,3,100,2021-01-07 15:00:32.650000,4422804F,United Kingdom,United Kingdom,Full-Time,English,English,United Kingdom,Male,No,Yes
5ff701186ffd922eb2d8e203,5fa3f7cdb7f39b059bbd7c83,APPROVED,2021-01-07 12:39:52.401000,2021-01-07 12:57:30.222000,1057.821,22,40,0,100,2021-01-07 15:00:39.845000,4422804F,United Kingdom,United Kingdom,Part-Time,DATA EXPIRED,English,United Kingdom,Female,Yes,Yes
5ff7011948090e2cb5eed4db,5f42a96a1582070bd5635541,APPROVED,2021-01-07 12:40:54.110000,2021-01-07 12:49:50.534000,536.424,20,80,0,100,2021-01-07 15:00:43.882000,4422804F,Bulgaria,United Kingdom,"Not in paid work (e.g. homemaker', 'retired or disabled)",DATA EXPIRED,English,Bulgaria,Female,Yes,Yes
5ff701198de1ff2fd99fa4b5,5eec99ca943edb03a09bfb7d,APPROVED,2021-01-07 12:39:58.028000,2021-01-07 12:49:18.487000,560.459,29,109,0,100,2021-01-07 15:00:48.046000,4422804F,United Kingdom,United Kingdom,DATA EXPIRED,DATA EXPIRED,English,United Kingdom,Male,DATA EXPIRED,Yes
5ff7011aa4cb3f2f742f3763,5b007231b98c410001ad65f7,APPROVED,2021-01-07 12:39:54.690000,2021-01-07 12:52:33.679000,758.989,24,75,0,100,2021-01-07 15:00:53.043000,4422804F,United Kingdom,Japan,Full-Time,English,English,United Kingdom,Female,No,Yes
5ff7011b2e30bf2f3582d31b,5d9f5cae4d62c40010ae40e6,APPROVED,2021-01-07 12:40:37.909000,2021-01-07 12:49:31.836000,533.927,21,315,1,100,2021-01-07 15:00:57.713000,4422804F,United Kingdom,United Kingdom,Part-Time,English,English,United Kingdom,Female,Yes,Yes
5ff7011d2dbdfb2faa931b97,5f3447eb7a7745329349d76e,APPROVED,2021-01-07 12:39:57.463000,2021-01-07 12:49:12.185000,554.722,20,50,0,100,2021-01-07 15:01:03.238000,4422804F,United Kingdom,United Kingdom,Unemployed (and job seeking),DATA EXPIRED,English,United Kingdom,Female,Yes,Yes
5ff7011e530ada2fa7aca584,5d696d1c55742f001af29220,RETURNED,2021-01-07 12:40:01.917000,,95038.357402,19,263,2,100,,,CONSENT REVOKED,CONSENT REVOKED,CONSENT REVOKED,CONSENT REVOKED,CONSENT REVOKED,CONSENT REVOKED,CONSENT REVOKED,CONSENT REVOKED,CONSENT REVOKED
5ff7012015bb972f591e008e,55c9df38fdf99b0e947996f1,RETURNED,2021-01-07 12:40:03.437000,,95036.837488,58,161,3,98,,,CONSENT REVOKED,CONSENT REVOKED,CONSENT REVOKED,CONSENT REVOKED,CONSENT REVOKED,CONSENT REVOKED,CONSENT REVOKED,CONSENT REVOKED,CONSENT REVOKED
5ff701215da4c72c865f4688,5f96e849cec2290158affc70,APPROVED,2021-01-07 12:40:05.137000,2021-01-07 12:52:23.640000,738.503,23,71,0,100,2021-01-07 15:01:07.179000,4422804F,United Kingdom,United Kingdom,Part-Time,DATA EXPIRED,English,United Kingdom,Female,Yes,Yes
5ff70124c4d15f2f33af06b8,598c4b28cceb0f0001b39675,APPROVED,2021-01-07 12:40:04.426000,2021-01-07 13:08:08.178000,1683.752,39,875,6,100,2021-01-07 15:01:12.534000,4422804F,United Kingdom,United Kingdom,Part-Time,English,English,United Kingdom,Male,No,Yes
5ff701269f6fbd2f2688fe9e,5feaf2720b1a4463f881fc15,APPROVED,2021-01-07 12:40:57.844000,2021-01-07 12:56:53.277000,955.433,27,4,0,100,2021-01-07 15:01:19.783000,4422804F,United Kingdom,United Kingdom,Full-Time,,English,Ireland,Female,No,Yes
5ff70184c0a7852ec393e6d5,5ef34cc943115906d6aa397f,RETURNED,2021-01-07 12:52:00.210000,,94320.815985,18,179,3,99,,,CONSENT REVOKED,CONSENT REVOKED,CONSENT REVOKED,CONSENT REVOKED,CONSENT REVOKED,CONSENT REVOKED,CONSENT REVOKED,CONSENT REVOKED,CONSENT REVOKED
5ff702124279392fb2508d65,5f2447bc5eb3020009277023,RETURNED,2021-01-07 12:44:12.110000,,94788.916087,40,139,1,100,,,CONSENT REVOKED,CONSENT REVOKED,CONSENT REVOKED,CONSENT REVOKED,CONSENT REVOKED,CONSENT REVOKED,CONSENT REVOKED,CONSENT REVOKED,CONSENT REVOKED
5ff70271147a032ec8ebbaa4,5c23615d70d93a0001202ea2,APPROVED,2021-01-07 12:45:48.147000,2021-01-07 13:03:54.163000,1086.016,28,458,3,100,2021-01-07 15:01:24.551000,4422804F,United Kingdom,United Kingdom,Full-Time,English,English,United Kingdom,Male,Yes,Yes
5ff702a6ab5b5b2f0132ce32,5d494efbc83d9f00012610af,APPROVED,2021-01-07 12:46:34.021000,2021-01-07 12:54:31.468000,477.447,22,190,2,100,2021-01-07 15:01:29.745000,4422804F,United Kingdom,United Kingdom,Part-Time,English,English,United Kingdom,Female,Yes,Yes
5ff7030115bb973043b4388f,5efa06a7540ce97e3ed866f8,APPROVED,2021-01-07 12:48:13.505000,2021-01-07 13:00:31.769000,738.264,23,78,0,100,2021-01-07 15:01:35.312000,4422804F,Poland,Poland,Unemployed (and job seeking),Polish,English,Poland,Female,Yes,Yes
5ff7038584079f2cb39937a7,59efd2b3d838ae000185123a,APPROVED,2021-01-07 12:55:08.298000,2021-01-07 13:10:00.329000,892.031,28,644,5,100,2021-01-07 15:01:39.345000,4422804F,United Kingdom,United Kingdom,"Not in paid work (e.g. homemaker', 'retired or disabled)",English,English,United Kingdom,Female,No,Yes
5ff7039d5f290d2f5fdae361,5f042c10926cf4675272f242,APPROVED,2021-01-07 12:51:01.440000,2021-01-07 13:03:15.970000,734.53,34,182,0,100,2021-01-07 15:01:46.267000,4422804F,United Kingdom,United Kingdom,Part-Time,English,English,United Kingdom,Female,No,Yes
5ff703a408876e2fcdd84251,5e884f182f0efc4d821ffe80,APPROVED,2021-01-07 12:50:54.857000,2021-01-07 12:59:27.896000,513.039,30,176,0,100,2021-01-07 15:01:50.535000,4422804F,United Kingdom,United Kingdom,Full-Time,English,,United Kingdom,Male,No,Yes
5ff703a5f676e930ff148c1d,5d4e97553ffde500189ad8a2,APPROVED,2021-01-07 12:50:45.409000,2021-01-07 13:14:01.537000,1396.128,24,291,3,99,2021-01-07 15:01:54.689000,4422804F,United Kingdom,United Kingdom,Full-Time,English,,United Kingdom,Male,No,Yes
5ff703a6864f672ec077bb62,5f9ae8932883f025d3ce29a9,APPROVED,2021-01-07 12:50:52.285000,2021-01-07 13:00:10.427000,558.142,22,30,0,100,2021-01-07 15:01:59.468000,4422804F,United Kingdom,United Kingdom,Unemployed (and job seeking),DATA EXPIRED,English,United Kingdom,Female,No,Yes
5ff703a9932d562ea8362b5d,5f26a8888c072432abed79d2,APPROVED,2021-01-07 12:50:49.564000,2021-01-07 12:59:25.680000,516.116,29,179,0,100,2021-01-07 15:02:03.259000,4422804F,United Kingdom,United Kingdom,Full-Time,English,English,United Kingdom,Male,No,Yes
5ff703abc654242ed4e9fdc9,5fd6a9f96ef5c56032a39951,APPROVED,2021-01-07 12:50:51.264000,2021-01-07 13:02:34.171000,702.907,22,16,0,100,2021-01-07 15:02:08.378000,4422804F,Slovenia,Slovenia,Part-Time,DATA EXPIRED,English,Slovenia,Male,Yes,Yes
5ff703ab114a0f2eb04ea785,5b2a3a4915cbf50001874792,RETURNED,2021-01-07 12:53:52.588000,,94211.789444,,538,8,98,,,CONSENT REVOKED,CONSENT REVOKED,CONSENT REVOKED,CONSENT REVOKED,CONSENT REVOKED,CONSENT REVOKED,CONSENT REVOKED,CONSENT REVOKED,CONSENT REVOKED
5ff703ac461d992fb77db538,5ea3fc787c48522165e5e4a5,RETURNED,2021-01-07 12:51:45.067000,,94339.321242,74,243,1,100,,,CONSENT REVOKED,CONSENT REVOKED,CONSENT REVOKED,CONSENT REVOKED,CONSENT REVOKED,CONSENT REVOKED,CONSENT REVOKED,CONSENT REVOKED,CONSENT REVOKED
5ff703afd3fcc42f9e21a8f1,5c49feff71e01d00019376a6,APPROVED,2021-01-07 12:50:55.703000,2021-01-07 13:32:49.290000,2513.587,20,60,0,100,2021-01-07 15:02:11.999000,4422804F,United Kingdom,United Kingdom,Unemployed (and job seeking),English,English,United Kingdom,Female,Yes,Yes
5ff703b08dc97a2e9e9a0627,5da767d89d0c290014c9851a,APPROVED,2021-01-07 12:50:56.282000,2021-01-07 12:59:30.581000,514.299,18,415,6,98,2021-01-07 15:02:15.566000,4422804F,United Kingdom,United Kingdom,Other,English,English,United Kingdom,Male,Yes,Yes
5ff703b0114a0f2eb04ea788,5a9dac22f053610001721635,RETURNED,2021-01-07 12:51:02.417000,,94382.418885,54,506,6,98,,,CONSENT REVOKED,CONSENT REVOKED,CONSENT REVOKED,CONSENT REVOKED,CONSENT REVOKED,CONSENT REVOKED,CONSENT REVOKED,CONSENT REVOKED,CONSENT REVOKED
5ff703b618decb304429f0d4,5ec764942256df19e155432c,APPROVED,2021-01-07 13:00:54.219000,2021-01-07 13:11:57.808000,663.589,64,324,0,100,2021-01-07 15:02:20.332000,4422804F,United States,United States,"Not in paid work (e.g. homemaker', 'retired or disabled)",English,English,United States,Male,No,Yes
5ff703b72da88b2fe0c31dcf,5e960cef4585a207119b9831,RETURNED,2021-01-07 12:52:22.614000,,94302.443441,21,134,5,96,,,CONSENT REVOKED,CONSENT REVOKED,CONSENT REVOKED,CONSENT REVOKED,CONSENT REVOKED,CONSENT REVOKED,CONSENT REVOKED,CONSENT REVOKED,CONSENT REVOKED
5ff703ba5f93d32eaf8dc0ff,5e398a6ef906aa19bb160842,APPROVED,2021-01-07 12:51:27.996000,2021-01-07 13:05:42.442000,854.446,20,303,0,100,2021-01-07 15:02:24.896000,4422804F,United Kingdom,United Kingdom,Part-Time,English,English,United Kingdom,Female,Yes,Yes
5ff703baebc3bd2f4aca0660,5f15ae0e88b3a509435c197f,APPROVED,2021-01-07 12:51:06.716000,2021-01-07 13:01:45.971000,639.255,24,24,0,100,2021-01-07 15:02:29.494000,4422804F,United Kingdom,United Kingdom,Full-Time,English,English,United Kingdom,Male,No,Yes
5ff703bbaffef2302b22fd26,5f977a3273ca1a04b1221750,APPROVED,2021-01-07 12:51:07.447000,2021-01-07 12:58:53.390000,465.943,20,49,0,100,2021-01-07 15:02:33.147000,4422804F,United Kingdom,United Kingdom,Unemployed (and job seeking),DATA EXPIRED,English,United Kingdom,Male,Yes,Yes
5ff703bbdfb1e6308071aad4,5f6f3abc342e4806db1f570c,APPROVED,2021-01-07 12:52:12.862000,2021-01-07 13:04:29.897000,737.035,31,30,0,100,2021-01-07 15:02:37.213000,4422804F,United Kingdom,United Kingdom,Full-Time,DATA EXPIRED,English,United Kingdom,Female,No,Yes
5ff703c0bce45b2f2882b654,5e282e43266894a3e79a6eaa,APPROVED,2021-01-07 12:51:26.783000,2021-01-07 13:02:34.178000,667.395,21,336,0,100,2021-01-07 15:02:41.018000,4422804F,United Kingdom,United Kingdom,Part-Time,English,English,United Kingdom,Female,Yes,Yes
5ff703c1c4d15f2ebee9660d,56b4b530b2de2a000632cc5f,APPROVED,2021-01-07 12:51:16.776000,2021-01-07 12:59:46.093000,509.317,36,845,5,100,2021-01-07 15:02:45.787000,4422804F,United Kingdom,United Kingdom,Full-Time,English,English,United Kingdom,Female,No,Yes
5ff703c5be470c2f68ba2009,5fc59adca1da3f121415a532,APPROVED,2021-01-07 12:51:17.017000,2021-01-07 13:06:33.326000,916.309,43,25,0,100,2021-01-07 15:02:57.623000,4422804F,United Kingdom,United Kingdom,Full-Time,DATA EXPIRED,English,United Kingdom,Male,No,Yes
5ff703c52282952ea0017de9,5dcb191c8549368037ceac8a,APPROVED,2021-01-07 12:51:17.571000,2021-01-07 13:01:09.813000,592.242,30,272,0,100,2021-01-07 15:02:52.597000,4422804F,United Kingdom,United Kingdom,Full-Time,English,English,United Kingdom,Male,No,Yes
5ff703c788a5712f332325af,5f6f32f68322f6491511b1e3,APPROVED,2021-01-07 12:51:19.627000,2021-01-07 13:06:04.807000,885.18,24,56,0,100,2021-01-07 15:03:01.290000,4422804F,Sweden,Sweden,Other,,English,Malaysia,Female,Yes,Yes
5ff703c816269f2f2810a32f,5a8c553bb093f80001a812cf,APPROVED,2021-01-07 12:51:23.636000,2021-01-07 13:04:09.738000,766.102,27,177,2,100,2021-01-07 15:03:05.557000,4422804F,United Kingdom,United Kingdom,Other,English,English,United Kingdom,Female,No,Yes
5ff703cc2607522f4c87e142,5e4eb1de8e6da203e5b070ca,APPROVED,2021-01-07 12:51:35.558000,2021-01-07 13:15:51.500000,1455.942,57,237,1,100,2021-01-07 15:03:09.921000,4422804F,United Kingdom,United Kingdom,Part-Time,English,English,United Kingdom,Male,No,Yes
5ff703cddc119f2f65c3665b,5d0c3381da7493001ab3a903,APPROVED,2021-01-07 12:51:29.728000,2021-01-07 13:02:55.129000,685.401,39,832,1,100,2021-01-07 15:03:14.219000,4422804F,United States,United States,Full-Time,English,English,United States,Male,No,Yes
5ff703cf2ac1332fba23456e,5f7b463eb41e720bd4639ccf,APPROVED,2021-01-07 12:51:37.303000,2021-01-07 13:07:15.044000,937.741,25,42,0,100,2021-01-07 15:03:20.975000,4422804F,Nigeria,Poland,Part-Time,DATA EXPIRED,English,Nigeria,Male,Yes,Yes
5ff703d083eb982f22a5e206,5f7dd3d898308b0555f4fc6c,APPROVED,2021-01-07 12:51:34.215000,2021-01-07 13:02:37.461000,663.246,21,22,0,100,2021-01-07 15:03:24.400000,4422804F,United Kingdom,United Kingdom,Other,DATA EXPIRED,English,United Kingdom,Female,Yes,Yes
5ff703db63af762f3e11b14d,563fecf4074be600055e98c7,APPROVED,2021-01-07 12:51:47.978000,2021-01-07 13:05:56.083000,848.105,60,343,10,96,2021-01-07 15:03:28.223000,4422804F,United Kingdom,United Kingdom,Full-Time,English,,United Kingdom,Female,No,Yes
5ff703dcca1cd9307c4fb06e,5ea00e67848a4300085fa5cd,APPROVED,2021-01-07 12:51:47.206000,2021-01-07 12:58:49.140000,421.934,61,201,2,100,2021-01-07 15:03:36.659000,NOCODE,United Kingdom,United Kingdom,"Not in paid work (e.g. homemaker', 'retired or disabled)",English,English,United Kingdom,Female,No,Yes
5ff703dc4368b8304ac7a122,5fb2df62e3d65f997daf5783,APPROVED,2021-01-07 12:51:40.921000,2021-01-07 13:06:53.224000,912.303,54,48,1,100,2021-01-07 15:03:33.139000,4422804F,United Kingdom,United Kingdom,"Not in paid work (e.g. homemaker', 'retired or disabled)",DATA EXPIRED,English,United Kingdom,DATA EXPIRED,No,Yes
5ff703deab45c230041c9c7a,5e931ccd28ca2b00089b5666,APPROVED,2021-01-07 12:52:42.992000,2021-01-07 13:06:00.605000,797.613,29,117,1,100,2021-01-07 15:03:44.518000,4422804F,United Kingdom,United Kingdom,Full-Time,English,,United Kingdom,Male,No,Yes
5ff703e1147a0330423d8dfa,5d54619c2773980017bd18a6,APPROVED,2021-01-07 12:52:52.707000,2021-01-07 13:02:54.512000,601.805,23,79,2,99,2021-01-07 15:03:48.553000,4422804F,United Kingdom,United Kingdom,Full-Time,English,English,United Kingdom,Female,No,Yes
5ff703e78de1ff2fd99fa4c0,5c715fc303f85b0001af916a,APPROVED,2021-01-07 12:51:58.581000,2021-01-07 13:04:58.757000,780.176,48,157,0,100,2021-01-07 15:03:52.618000,4422804F,United Kingdom,United Kingdom,Full-Time,English,English,United Kingdom,Male,No,Yes
5ff703ea50f436304a282a22,5e64ce85ef80c6245d49dee8,APPROVED,2021-01-07 12:53:53.472000,2021-01-07 13:09:31.585000,938.113,19,47,0,100,2021-01-07 15:03:56.618000,4422804F,United Kingdom,Spain,Part-Time,Spanish,English,Spain,Male,Yes,Yes
5ff703eb5f93d32fa2167b27,5eaaa3f6a4f781030b49a805,APPROVED,2021-01-07 12:52:01.361000,2021-01-07 13:09:40.500000,1059.139,55,118,1,100,2021-01-07 15:04:00.966000,4422804F,United Kingdom,United Kingdom,Other,English,English,United Kingdom,Female,No,Yes
5ff703ec809b252eb411624b,5e398e662108751a836437f0,APPROVED,2021-01-07 12:52:09.505000,2021-01-07 13:04:02.596000,713.091,47,324,5,99,2021-01-07 15:04:05.014000,4422804F,United Kingdom,United Kingdom,Full-Time,English,English,United Kingdom,Male,No,Yes
5ff703eedfb1e6300d6f5520,5cc5b34662c5050017348192,APPROVED,2021-01-07 12:52:10.085000,2021-01-07 13:03:04.680000,654.595,19,226,0,100,2021-01-07 15:04:09.741000,4422804F,United Kingdom,United Kingdom,"Not in paid work (e.g. homemaker', 'retired or disabled)",English,English,United Kingdom,Male,Yes,Yes
5ff703f083b7582fbd8efc7d,5c71a74980a99f0001c63358,APPROVED,2021-01-07 12:52:00.221000,2021-01-07 13:13:09.245000,1269.024,59,355,1,100,2021-01-07 15:04:13.778000,4422804F,United Kingdom,United Kingdom,"Not in paid work (e.g. homemaker', 'retired or disabled)",English,English,United Kingdom,Female,No,Yes
5ff703f2079ac1301e797aa4,5fd635fbf94cce4e7ee1ba53,APPROVED,2021-01-07 12:52:04.706000,2021-01-07 13:05:27.586000,802.88,24,8,0,100,2021-01-07 15:04:18.990000,4422804F,United Kingdom,United Kingdom,Full-Time,,English,Ireland,Female,No,Yes
5ff703f2a4931630a5c71323,5f6f7570f59489501dc9f094,APPROVED,2021-01-07 12:52:05.595000,2021-01-07 13:01:50.386000,584.791,21,59,2,99,2021-01-07 15:04:22.577000,4422804F,United Kingdom,United Kingdom,Unemployed (and job seeking),DATA EXPIRED,English,United Kingdom,Male,Yes,Yes
5ff703f4f67a7d2f9ff7ea6b,5b92bd88f2ac7e0001d8a45f,TIMED-OUT,2021-01-07 12:52:03.816000,,94329.540612,22,423,2,100,,,United Kingdom,United Kingdom,"Not in paid work (e.g. homemaker', 'retired or disabled)",English,English,United Kingdom,Male,Yes,Yes
5ff70449a802522fa42f96a4,5ea159434ac916016387488e,APPROVED,2021-01-07 12:53:32.453000,2021-01-07 13:05:52.710000,740.257,65,173,0,100,2021-01-07 15:04:26.562000,4422804F,United Kingdom,United Kingdom,"Not in paid work (e.g. homemaker', 'retired or disabled)",English,English,United Kingdom,Female,No,Yes
5ff7045984079f2d27e17f39,5f40392e53336214eef7b04d,APPROVED,2021-01-07 12:53:50.439000,2021-01-07 13:14:27.344000,1236.905,58,61,1,100,2021-01-07 15:04:29.681000,4422804F,United Kingdom,United Kingdom,Part-Time,DATA EXPIRED,English,United Kingdom,Female,No,Yes
5ff704bc83eb982e3206878f,5f8f436e4676a71879786b95,APPROVED,2021-01-07 12:55:29.842000,2021-01-07 13:10:52.821000,922.979,48,53,0,100,2021-01-07 15:04:33.299000,4422804F,United Kingdom,United Kingdom,"Not in paid work (e.g. homemaker', 'retired or disabled)",DATA EXPIRED,English,United Kingdom,Female,No,Yes
5ff70594d6f3fa30dcad20de,577c065c9fecfe0001a5bcc7,APPROVED,2021-01-07 12:59:04.714000,2021-01-07 13:07:26.150000,501.436,21,535,15,94,2021-01-07 15:04:36.870000,4422804F,United Kingdom,United Kingdom,Part-Time,English,,United Kingdom,Female,Yes,Yes
5ff70b768de1ff31438e7398,59dd90f6e75b450001a68dac,APPROVED,2021-01-07 13:24:14.348000,2021-01-07 13:40:13.713000,959.365,33,718,1,100,2021-01-07 15:04:41.804000,4422804F,United Kingdom,United Kingdom,Unemployed (and job seeking),English,English,United Kingdom,Female,No,Yes
5ff7106a26075231b53b5602,5f02414a4e80ca0de3d3cbbf,APPROVED,2021-01-07 13:45:17.807000,2021-01-07 13:59:22.729000,844.922,24,140,1,100,2021-01-07 15:04:47.468000,4422804F,United Kingdom,United Kingdom,Full-Time,English,English,United Kingdom,Male,No,Yes
5ff7106ee313fd3170315fae,5d4200b0f1006e00196a9322,APPROVED,2021-01-07 13:45:17.933000,2021-01-07 13:58:45.811000,807.878,53,416,0,100,2021-01-07 15:04:51.529000,4422804F,United Kingdom,United Kingdom,Full-Time,English,English,United Kingdom,Male,No,Yes
5ff713eb5e6965329279dbaf,5e70e3be01c7e1070314d723,APPROVED,2021-01-07 14:00:16.075000,2021-01-07 14:15:56.949000,940.874,41,95,2,99,2021-01-07 15:04:56.794000,4422804F,United Kingdom,United Kingdom,Full-Time,English,English,United Kingdom,Female,No,Yes
5ff722e2427939337b65aeee,5e21a211061ea84908aaf512,APPROVED,2021-01-07 15:04:02.006000,2021-01-07 15:18:44.153000,882.147,50,260,0,100,2021-01-07 15:40:51.971000,4422804F,United Kingdom,United Kingdom,Full-Time,English,English,United Kingdom,Male,No,Yes
5ff722e4f9048635232be680,5e30492697a58001749fce6b,APPROVED,2021-01-07 15:13:00.746000,2021-01-07 15:39:29.223000,1588.477,22,192,0,100,2021-01-07 15:40:57.601000,4422804F,United Kingdom,United Kingdom,Full-Time,English,English,United Kingdom,Female,No,Yes
5ff722e6a4cb3f359d57145e,5c1403377130b80001f0f34a,RETURNED,2021-01-07 15:04:10.203000,,86405.702792,35,90,1,100,,,CONSENT REVOKED,CONSENT REVOKED,CONSENT REVOKED,CONSENT REVOKED,CONSENT REVOKED,CONSENT REVOKED,CONSENT REVOKED,CONSENT REVOKED,CONSENT REVOKED
5ff722e66525b1352acfa6b5,5fb43cf470ede60e3c4b0ffd,APPROVED,2021-01-07 15:04:09.423000,2021-01-07 15:14:48.645000,639.222,18,32,0,100,2021-01-07 15:41:02.485000,4422804F,United Kingdom,United Kingdom,Due to start a new job within the next month,DATA EXPIRED,English,United Kingdom,Female,Yes,Yes
5ff722e88892283423b2bae8,5dc486da84799a35fbede98d,APPROVED,2021-01-07 15:05:33.313000,2021-01-07 15:22:20.849000,1007.536,43,491,4,99,2021-01-07 15:41:06.659000,4422804F,United Kingdom,United Kingdom,Part-Time,English,English,United Kingdom,Male,No,Yes
5ff722eac4d15f3472516234,5ec2565602a64c0122492a03,APPROVED,2021-01-07 15:04:10.526000,2021-01-07 15:23:24.918000,1154.392,30,174,0,100,2021-01-07 15:41:12.570000,4422804F,United Kingdom,United Kingdom,Other,English,English,United Kingdom,Male,No,Yes
5ff722ecc4d15f3472516235,5e2f5d67028f41527321f838,APPROVED,2021-01-07 15:04:12.676000,2021-01-07 15:15:19.097000,666.421,30,305,1,100,2021-01-07 15:41:17.243000,4422804F,United Kingdom,United Kingdom,Full-Time,English,,United Kingdom,Female,No,Yes
5ff722edc3321d34d2d64772,5eef56e6ea75141e4e80366b,APPROVED,2021-01-07 15:08:03.181000,2021-01-07 15:19:44.337000,701.156,27,57,0,100,2021-01-07 15:41:22.824000,4422804F,United Kingdom,United Kingdom,Full-Time,English,English,United Kingdom,Female,No,Yes
5ff722edca1cd933ca7b7b95,5dcd7e4a3128a603edeeaa44,APPROVED,2021-01-07 15:04:13.385000,2021-01-07 15:17:54.645000,821.26,32,206,0,100,2021-01-07 15:41:26.890000,4422804F,United Kingdom,United Kingdom,Other,English,,United Kingdom,Male,No,Yes
5ff722ee6ffd92346230481f,5e7b1d9e2113b21196d064cb,APPROVED,2021-01-07 15:07:05.914000,2021-01-07 15:19:12.308000,726.394,27,297,0,100,2021-01-07 15:41:30.655000,4422804F,United Kingdom,United Kingdom,Other,English,English,United Kingdom,Female,No,Yes
5ff722f0326eb634e575c8d9,5a6e4286e6cc4a0001b6d281,RETURNED,2021-01-07 15:04:16.413000,,86401.294678,32,118,5,96,,,CONSENT REVOKED,CONSENT REVOKED,CONSENT REVOKED,CONSENT REVOKED,CONSENT REVOKED,CONSENT REVOKED,CONSENT REVOKED,CONSENT REVOKED,CONSENT REVOKED
5ff722f04a4859344312081f,5ebe9ba752363c05058883d8,APPROVED,2021-01-07 15:04:16.905000,2021-01-07 15:16:27.339000,730.434,30,240,1,100,2021-01-07 15:41:35.086000,4422804F,United Kingdom,United Kingdom,Full-Time,English,English,United Kingdom,Female,No,Yes
5ff722f203510f34e79f60f3,5f1b33e01a29322f11e2c5d0,APPROVED,2021-01-07 15:04:18.181000,2021-01-07 15:13:56.016000,577.835,20,123,0,100,2021-01-07 15:41:39.926000,4422804F,United States,United Kingdom,Unemployed (and job seeking),English,,United Kingdom,Female,Yes,Yes
5ff722f21dc9d1348b2a6051,5f973e6938ccf40da50242dd,APPROVED,2021-01-07 15:04:18.547000,2021-01-07 15:14:28.537000,609.99,19,16,0,100,2021-01-07 15:41:44.299000,4422804F,United Kingdom,United Kingdom,Unemployed (and job seeking),DATA EXPIRED,English,United Kingdom,Male,Yes,Yes
5ff722f42e30bf3562685a40,591efbd1ff8a030001e8e595,APPROVED,2021-01-07 15:04:24.206000,2021-01-07 15:12:40.461000,496.255,47,1017,13,99,2021-01-07 15:41:48.538000,4422804F,United Kingdom,United Kingdom,Full-Time,English,English,United Kingdom,Male,No,Yes
5ff722f7a8025234db61a0b8,5e7e5c94d7dd745288a042ff,APPROVED,2021-01-07 15:04:23.714000,2021-01-07 15:26:53.603000,1349.889,39,299,1,100,2021-01-07 15:41:56.407000,4422804F,United Kingdom,United Kingdom,Full-Time,English,English,United Kingdom,Male,No,Yes
5ff722f856faf432ed6f68ee,5fd969e534d52345f596744a,APPROVED,2021-01-07 15:04:24.516000,2021-01-07 15:16:58.826000,754.31,26,24,0,100,2021-01-07 15:42:01.586000,4422804F,United Kingdom,United Kingdom,Full-Time,DATA EXPIRED,English,United Kingdom,Prefer not to say,No,Yes
5ff722fad9ba2e3484a0c160,59dccd61e75b450001a689b7,APPROVED,2021-01-07 15:04:26.543000,2021-01-07 15:18:08.551000,822.008,50,653,6,99,2021-01-07 15:42:05.666000,4422804F,United Kingdom,United Kingdom,Full-Time,English,English,United Kingdom,Male,No,Yes
5ff722fc03510f355bb3bc4b,5f8f1a21b663851259803615,RETURNED,2021-01-07 15:04:27.944000,,86391.79421,62,164,2,100,,,CONSENT REVOKED,CONSENT REVOKED,CONSENT REVOKED,CONSENT REVOKED,CONSENT REVOKED,CONSENT REVOKED,CONSENT REVOKED,CONSENT REVOKED,CONSENT REVOKED
5ff722fca89e1b3454ed1017,5c0fdebfdfbb180001c32177,APPROVED,2021-01-07 15:04:28.570000,2021-01-07 15:23:16.570000,1128.0,48,582,8,98,2021-01-07 15:34:51.717000,4422804F,United Kingdom,United Kingdom,"Not in paid work (e.g. homemaker', 'retired or disabled)",English,English,United Kingdom,Female,No,Yes
5ff722fec0091e357137c1ff,5c72aec2aa7a7700018f25c8,APPROVED,2021-01-07 15:09:48.608000,2021-01-07 15:23:43.829000,835.221,59,663,0,100,2021-01-07 15:42:12.054000,4422804F,United Kingdom,United Kingdom,Full-Time,English,English,United Kingdom,Female,No,Yes
5ff722ff2689e734a6eb514c,5f9bf1ffae5ff10008f77c8f,APPROVED,2021-01-07 15:04:30.975000,2021-01-07 15:35:43.649000,1872.674,66,42,0,100,2021-01-07 15:42:18.342000,4422804F,United Kingdom,United Kingdom,Part-Time,DATA EXPIRED,English,United Kingdom,Male,No,Yes
5ff722ff5a306334ebfc9d43,5b0c690b444cef0001ca5904,APPROVED,2021-01-07 15:04:31.316000,2021-01-07 15:22:48.346000,1097.03,50,453,3,100,2021-01-07 15:42:22.449000,4422804F,Canada,Canada,Full-Time,English,English,Canada,Female,No,Yes
5ff722ff63af7634f65508ae,5e6faa06b59a32573bcde7f1,APPROVED,2021-01-07 15:04:34.114000,2021-01-07 15:25:56.888000,1282.774,52,289,2,100,2021-01-07 15:42:27.944000,4422804F,United Kingdom,United Kingdom,Full-Time,English,English,United Kingdom,Male,No,Yes
5ff723012e30bf3562685a41,5b87e13126d98700015ed667,APPROVED,2021-01-07 15:04:42.164000,2021-01-07 15:19:49.936000,907.772,53,405,6,97,2021-01-07 15:42:32.804000,4422804F,Canada,Canada,Full-Time,English,English,Canada,Female,No,Yes
5ff72302752c6b35c9942d45,5ee91ec5a99ee029a3bc0d51,APPROVED,2021-01-07 15:04:34.693000,2021-01-07 15:15:15.035000,640.342,33,133,2,100,2021-01-07 15:42:37.771000,4422804F,India,United Kingdom,Full-Time,English,English,United Kingdom,Male,No,Yes
5ff72308dd81f73126b7f2cf,598f2c4652127f0001319883,RETURNED,2021-01-07 15:04:50.481000,,86371.052148,58,504,15,94,,,CONSENT REVOKED,CONSENT REVOKED,CONSENT REVOKED,CONSENT REVOKED,CONSENT REVOKED,CONSENT REVOKED,CONSENT REVOKED,CONSENT REVOKED,CONSENT REVOKED
5ff723094721d533efb5134c,5f3ad1066e42ae76ba87cb2d,APPROVED,2021-01-07 15:04:41.220000,2021-01-07 15:22:36.954000,1075.734,28,63,1,100,2021-01-07 15:42:40.959000,4422804F,United Kingdom,United Kingdom,Other,DATA EXPIRED,English,United Kingdom,Female,No,Yes
5ff72309ca1cd933ca7b7b9b,5f7f07d317a72e01b1c57f27,APPROVED,2021-01-07 15:07:06.865000,2021-01-07 15:25:50.588000,1123.723,25,53,1,100,2021-01-07 15:42:45.279000,4422804F,South Africa,South Africa,Full-Time,DATA EXPIRED,English,South Africa,Female,No,Yes
5ff7230f9fc0ec343606eff6,5f6cb8a85bd7ab0a429a3a66,APPROVED,2021-01-07 15:06:44.204000,2021-01-07 15:20:22.648000,818.444,30,91,0,100,2021-01-07 15:42:49.603000,4422804F,United Kingdom,United Kingdom,Part-Time,DATA EXPIRED,English,United Kingdom,Male,No,Yes
5ff723102ac13334f27810b6,5fb96bb1578cc18012b794ed,APPROVED,2021-01-07 15:04:48.787000,2021-01-07 15:17:57.283000,788.496,22,16,0,100,2021-01-07 15:42:53.858000,4422804F,South Africa,South Africa,Part-Time,DATA EXPIRED,English,South Africa,Male,Yes,Yes
5ff723133b6fbb34706f5f4c,5f57c35f2db7052c312229b5,REJECTED,2021-01-07 15:04:57.210000,2021-01-07 15:07:14.483000,137.273,57,102,3,97,2021-01-07 15:07:51.242000,16DF74BC,United Kingdom,United Kingdom,Full-Time,DATA EXPIRED,English,United Kingdom,Female,No,Yes
5ff72314d0b28534dfbf687b,5ea0b332440c6a0a2b78b2df,APPROVED,2021-01-07 15:07:22.732000,2021-01-07 15:29:07.022000,1304.29,74,214,0,100,2021-01-07 15:42:57.937000,4422804F,United Kingdom,United Kingdom,"Not in paid work (e.g. homemaker', 'retired or disabled)",English,English,United Kingdom,Male,No,Yes
5ff723196ffd92354b969a83,5b661bc3259daf00019369f2,APPROVED,2021-01-07 15:05:27.651000,2021-01-07 16:02:53.811000,3446.16,54,233,0,100,2021-01-07 16:09:52.943000,4422804F,United Kingdom,United Kingdom,Full-Time,English,English,United Kingdom,Male,No,Yes
5ff7231aaee4a33471ec0e69,5f566443352f600826449f4b,APPROVED,2021-01-07 15:04:57.994000,2021-01-07 15:25:24.525000,1226.531,48,92,0,100,2021-01-07 15:43:06.551000,4422804F,Ireland,Ireland,Full-Time,DATA EXPIRED,English,Ireland,Female,No,Yes
5ff7231a2da88b350fde3f44,5fc433cb12bc593aed6d7657,APPROVED,2021-01-07 15:04:58.867000,2021-01-07 15:29:27.093000,1468.226,35,44,0,100,2021-01-07 15:43:02.725000,4422804F,United Kingdom,United Kingdom,Part-Time,DATA EXPIRED,English,United Kingdom,Female,No,Yes
5ff72360dc119f34acc1b3c6,5d6faf4650d907001a97516d,APPROVED,2021-01-07 15:06:12.600000,2021-01-07 15:17:29.392000,676.792,47,217,1,100,2021-01-07 15:43:10.733000,4422804F,United Kingdom,United Kingdom,Full-Time,English,,United Kingdom,Female,No,Yes
5ff723d26ccb55352db485c3,5fadb6740b48bd1a46d2373c,APPROVED,2021-01-07 15:08:09.275000,2021-01-07 15:15:33.338000,444.063,22,92,0,100,2021-01-07 15:43:15.635000,4422804F,United States,United States,"Not in paid work (e.g. homemaker', 'retired or disabled)",DATA EXPIRED,English,United States,Female,Yes,Yes
5ff725b86345d73351d10d82,5f3ec93efbd299158253f283,APPROVED,2021-01-07 15:16:15.851000,2021-01-07 15:31:04.407000,888.556,48,111,0,100,2021-01-07 15:43:19.622000,4422804F,United Kingdom,United Kingdom,"Not in paid work (e.g. homemaker', 'retired or disabled)",DATA EXPIRED,English,United Kingdom,Male,No,Yes
5ff726153fabda35d9205c43,5f685b659cdca3493cea939d,APPROVED,2021-01-07 15:17:55.006000,2021-01-07 15:32:34.477000,879.471,31,234,1,100,2021-01-07 15:43:23.363000,4422804F,United States,United States,DATA EXPIRED,DATA EXPIRED,English,United States,Male,No,Yes
5ff7277cdfb1e63644437bc9,5fd730c9b78cf86c302f55ed,RETURNED,2021-01-07 15:23:43.037000,,85241.519196,28,18,0,100,,,CONSENT REVOKED,CONSENT REVOKED,CONSENT REVOKED,CONSENT REVOKED,CONSENT REVOKED,CONSENT REVOKED,CONSENT REVOKED,CONSENT REVOKED,CONSENT REVOKED
5ff727e051c2ff3579af36e5,5e97012e6074fb190b2e4475,APPROVED,2021-01-07 15:25:22.634000,2021-01-07 15:43:20.395000,1077.761,49,201,5,98,2021-01-07 16:09:58.836000,4422804F,United Kingdom,United Kingdom,Part-Time,English,,United Kingdom,Female,Yes,Yes
5ff72c62c044db366c7ef9b3,5eb8c284ab41e18278ccf247,RETURNED,2021-01-07 15:45:00.696000,,83964.101662,32,204,5,97,,,CONSENT REVOKED,CONSENT REVOKED,CONSENT REVOKED,CONSENT REVOKED,CONSENT REVOKED,CONSENT REVOKED,CONSENT REVOKED,CONSENT REVOKED,CONSENT REVOKED
5ff72c632e30bf373d900c1c,5d691ef690cade0016695e4a,APPROVED,2021-01-07 15:44:48.938000,2021-01-07 15:58:33.104000,824.166,34,304,1,100,2021-01-07 16:10:02.957000,4422804F,United Kingdom,United Kingdom,Full-Time,English,English,United Kingdom,Female,No,Yes
5ff72c662e30bf373d900c1d,58ff68a15b40770001f298d8,RETURNED,2021-01-07 15:44:44.103000,,83980.931087,40,952,4,100,,,CONSENT REVOKED,CONSENT REVOKED,CONSENT REVOKED,CONSENT REVOKED,CONSENT REVOKED,CONSENT REVOKED,CONSENT REVOKED,CONSENT REVOKED,CONSENT REVOKED
5ff72c67864f673648cabb37,5f6b4c725dc43c0114f2935b,APPROVED,2021-01-07 15:44:41.949000,2021-01-07 15:56:21.851000,699.902,29,66,0,100,2021-01-07 16:10:07.330000,4422804F,United Kingdom,United Kingdom,Unemployed (and job seeking),DATA EXPIRED,English,United Kingdom,Male,No,Yes
5ff72c68c0a78535f9219671,5fc0213b5c4bc346ffd07ec9,APPROVED,2021-01-07 15:44:44.365000,2021-01-07 15:57:10.831000,746.466,52,34,0,100,2021-01-07 16:10:11.131000,4422804F,United Kingdom,United Kingdom,"Not in paid work (e.g. homemaker', 'retired or disabled)",,English,United Kingdom,Male,Yes,Yes
5ff72c6b0d726a3682a26bd2,5fac4dc60d67201ffe756ca1,APPROVED,2021-01-07 15:44:43.829000,2021-01-07 16:00:30,946.171,59,39,0,100,2021-01-07 16:10:14.617000,4422804F,United Kingdom,United Kingdom,"Not in paid work (e.g. homemaker', 'retired or disabled)",DATA EXPIRED,English,United Kingdom,Female,No,Yes
5ff72c6d584ecf35c8cf3e1a,5f32bc368853aa03df112fc6,APPROVED,2021-01-07 15:45:13.080000,2021-01-07 16:04:41.322000,1168.242,21,160,0,100,2021-01-07 16:10:22.509000,4422804F,United States,United States,Unemployed (and job seeking),DATA EXPIRED,English,United States,Female,Yes,Yes
5ff72c6d4c5da636c3b43290,5efdacada352be1fbec58a03,APPROVED,2021-01-07 15:48:06.809000,2021-01-07 15:57:04.656000,537.847,24,149,1,100,2021-01-07 16:10:18.454000,4422804F,United Kingdom,United Kingdom,Full-Time,English,English,United Kingdom,Female,No,Yes
5ff72c6e1e00ca35bbfc8ca8,5f858542d133000360a7fef8,APPROVED,2021-01-07 15:44:46.335000,2021-01-07 15:53:29.834000,523.499,25,67,0,100,2021-01-07 16:10:26.714000,4422804F,United Kingdom,United Kingdom,Full-Time,DATA EXPIRED,English,United Kingdom,Male,No,Yes
5ff72c6ea8025236ba656da4,5f50468c0868af1baaec306c,APPROVED,2021-01-07 15:44:46.740000,2021-01-07 15:57:20.522000,753.782,23,271,0,100,2021-01-07 16:10:30.772000,4422804F,United States,United States,Full-Time,DATA EXPIRED,English,United States,Female,No,Yes
5ff72c6ff048213685f5ccf3,5f7f16eb45861703806170e6,APPROVED,2021-01-07 15:45:08.594000,2021-01-07 15:57:57.446000,768.852,28,56,0,100,2021-01-07 16:10:35.550000,4422804F,United Kingdom,United Kingdom,Part-Time,DATA EXPIRED,English,United Kingdom,Female,No,Yes
5ff72cc3461d9936605bc0d8,5a9ea9fe1ade740001b92063,APPROVED,2021-01-07 15:46:34.558000,2021-01-07 16:05:32.580000,1138.022,47,349,0,100,2021-01-07 16:10:39.137000,4422804F,United Kingdom,United Kingdom,"Not in paid work (e.g. homemaker', 'retired or disabled)",English,,United Kingdom,Female,No,Yes
5ff72d5badf29f3716f4bc6f,5e2e147d047efa000c6b833d,APPROVED,2021-01-07 15:48:43.672000,2021-01-07 16:00:25.572000,701.9,,280,0,100,2021-01-07 16:10:44.310000,4422804F,Canada,Canada,Full-Time,English,,Canada,Male,No,Yes
5ff8412ad63e9158fbea25a5,5f33289c1fe9181376ee67d9,APPROVED,2021-01-08 11:26:49.120000,2021-01-08 11:41:12.034000,862.914,20,97,1,99,2021-01-08 12:07:21.980000,4422804F,South Africa,South Africa,Other,DATA EXPIRED,English,South Africa,Female,Yes,Yes
5ff8412bca1cd959f381e8f9,5decc61a488cde39be161a91,APPROVED,2021-01-08 11:25:40.863000,2021-01-08 11:35:25.128000,584.265,61,291,2,100,2021-01-08 12:07:25.715000,4422804F,United Kingdom,United Kingdom,Full-Time,English,,United Kingdom,Male,No,Yes
5ff8412ebb5f425960b78b16,5f0f2ff0762218000970c967,APPROVED,2021-01-08 11:25:48.334000,2021-01-08 11:40:59.095000,910.761,24,84,0,100,2021-01-08 12:07:33.359000,4422804F,United Kingdom,United Kingdom,Other,English,English,United Kingdom,Female,No,Yes
5ff8412e15bb9759903ea5bb,5da760eae8174b001640d369,APPROVED,2021-01-08 11:25:34.792000,2021-01-08 11:36:16.457000,641.665,43,120,1,100,2021-01-08 12:07:29.466000,4422804F,United Kingdom,United Kingdom,Full-Time,English,English,United Kingdom,Male,No,Yes
5ff8413050f436597b34accc,5383def8fdf99b5111d7ccf2,APPROVED,2021-01-08 11:25:39.975000,2021-01-08 11:36:24.953000,644.978,28,794,3,100,2021-01-08 12:07:36.243000,4422804F,United States,United States,Full-Time,English,English,United States,Female,No,Yes
5ff84133d13665590f55a29a,59feed1da383a100011b3eaa,APPROVED,2021-01-08 11:25:39.137000,2021-01-08 11:41:31.913000,952.776,46,1283,3,100,2021-01-08 12:07:45.515000,4422804F,United Kingdom,United Kingdom,Full-Time,English,English,United Kingdom,Male,No,Yes
5ff84133427939581d4fee32,5fa18024e8db28293edae14e,APPROVED,2021-01-08 11:25:42.225000,2021-01-08 11:34:56.997000,554.772,27,53,0,100,2021-01-08 12:07:41.794000,4422804F,United Kingdom,United Kingdom,Part-Time,DATA EXPIRED,English,United Kingdom,Female,No,Yes
5ff8413680d5bf58550ad949,5a57c51876d1c60001ab090d,APPROVED,2021-01-08 11:28:26.020000,2021-01-08 11:35:06.021000,400.001,47,598,1,100,2021-01-08 12:07:52.814000,NOCODE,United Kingdom,United Kingdom,Part-Time,English,,United Kingdom,Female,No,Yes
5ff841397923985a833e89d1,5c010c054e1b7b00016a2336,APPROVED,2021-01-08 11:26:20.126000,2021-01-08 11:39:15.125000,774.999,42,503,4,99,2021-01-08 12:07:57.818000,4422804F,United Kingdom,United Kingdom,Full-Time,English,,United Kingdom,Male,No,Yes
5ff841398573f059507648a0,5ed489ccc238ad44a82adcb4,APPROVED,2021-01-08 11:25:45.785000,2021-01-08 11:35:38.087000,592.302,39,173,0,100,2021-01-08 12:08:02.412000,4422804F,United Kingdom,United Kingdom,Full-Time,English,English,United Kingdom,Male,No,Yes
5ff84140fb8b2558e4278cdb,5dc3224ff3795b23e5ec7c65,APPROVED,2021-01-08 11:25:52.372000,2021-01-08 11:37:28.714000,696.342,28,422,0,100,2021-01-08 12:08:06.074000,4422804F,United Kingdom,United Kingdom,Full-Time,English,English,United Kingdom,Male,No,Yes
5ff84140affef259e5d62fcc,5dc151136bba9b0b6d979aa8,APPROVED,2021-01-08 11:25:52.728000,2021-01-08 12:08:22.925000,2550.197,58,363,1,100,2021-01-08 13:11:29.864000,NoCode,United Kingdom,United Kingdom,Full-Time,English,English,United Kingdom,Male,No,Yes
5ff84146a5d9a559b6040dae,5bfa8c4b18430e0001865d19,APPROVED,2021-01-08 11:25:58.674000,2021-01-08 11:45:55.950000,1197.276,56,481,3,100,2021-01-08 12:08:10.234000,4422804F,United Kingdom,United Kingdom,Unemployed (and job seeking),English,English,United Kingdom,Male,No,Yes
5ff8414a530ada58ea8ee0a9,568d912de3ef9e000ca0da9e,APPROVED,2021-01-08 11:26:02.118000,2021-01-08 11:37:01.154000,659.036,44,786,5,100,2021-01-08 12:08:15.195000,4422804F,United Kingdom,United Kingdom,Full-Time,English,English,United Kingdom,Male,No,Yes
5ff8414cca1cd9597be2cb20,5f40442792000717762de583,APPROVED,2021-01-08 11:26:04.138000,2021-01-08 11:39:46.859000,822.721,,253,0,100,2021-01-08 12:08:21.209000,4422804F,United States,United States,Other,DATA EXPIRED,English,United States,Male,Yes,Yes
5ff8414d80d5bf5a188bf365,5fbe258fdb869c2d5119962e,RETURNED,2021-01-08 11:26:14.575000,,13098.018915,63,41,0,100,,,CONSENT REVOKED,CONSENT REVOKED,CONSENT REVOKED,CONSENT REVOKED,CONSENT REVOKED,CONSENT REVOKED,CONSENT REVOKED,CONSENT REVOKED,CONSENT REVOKED
5ff8414e932d565941099e83,5e6645daaf3bd53bfad40b9f,APPROVED,2021-01-08 11:26:06.854000,2021-01-08 11:49:45.850000,1418.996,65,198,4,97,2021-01-08 12:08:25.007000,4422804F,United Kingdom,United Kingdom,Part-Time,English,English,United Kingdom,Female,No,Yes
5ff84150dfb1e65988d05956,5ea03f29271c1b0124707b36,RETURNED,2021-01-08 11:26:12.302000,,13100.528721,71,192,2,100,,,CONSENT REVOKED,CONSENT REVOKED,CONSENT REVOKED,CONSENT REVOKED,CONSENT REVOKED,CONSENT REVOKED,CONSENT REVOKED,CONSENT REVOKED,CONSENT REVOKED
5ff8415503510f59c635d7b8,5ea6a697f5d217022e2f7f45,RETURNED,2021-01-08 11:26:15.706000,,13097.124874,33,100,0,100,,,CONSENT REVOKED,CONSENT REVOKED,CONSENT REVOKED,CONSENT REVOKED,CONSENT REVOKED,CONSENT REVOKED,CONSENT REVOKED,CONSENT REVOKED,CONSENT REVOKED
5ff84157bb5f4258eb759c58,5f859e6c3abbee020984badb,APPROVED,2021-01-08 11:26:17.995000,2021-01-08 11:37:20.503000,662.508,34,47,0,100,2021-01-08 12:08:28.808000,4422804F,United Kingdom,United Kingdom,Full-Time,DATA EXPIRED,English,United Kingdom,Female,No,Yes
5ff84158d63e91596e662724,5f9aab7cd52dbb1dedc51220,RETURNED,2021-01-08 11:26:27.511000,,13085.578366,50,33,0,100,,,CONSENT REVOKED,CONSENT REVOKED,CONSENT REVOKED,CONSENT REVOKED,CONSENT REVOKED,CONSENT REVOKED,CONSENT REVOKED,CONSENT REVOKED,CONSENT REVOKED
5ff8415a71ad5658faeca909,5f25e860dd98342ce97e7403,APPROVED,2021-01-08 11:26:21.036000,2021-01-08 11:51:09.708000,1488.672,26,141,1,100,2021-01-08 12:08:32.142000,4422804F,United Kingdom,United Kingdom,Full-Time,DATA EXPIRED,English,United Kingdom,Female,No,Yes
5ff8415b281b5e5966691554,5f74b3a0d780450b219f8616,APPROVED,2021-01-08 11:26:23.288000,2021-01-08 11:35:47.757000,564.469,24,99,2,99,2021-01-08 12:08:36.146000,4422804F,United Kingdom,United Kingdom,Full-Time,DATA EXPIRED,English,United Kingdom,Female,Yes,Yes
5ff8415c63af7659c10b4ce6,5d1a1d97a51463000183f7af,APPROVED,2021-01-08 11:26:23.399000,2021-01-08 11:33:41.568000,438.169,26,104,1,100,2021-01-08 12:08:39.788000,4422804F,United Kingdom,United Kingdom,Full-Time,English,,United Kingdom,Male,No,Yes
5ff8415e4721d55938c78119,5f138bbecda32013aed8add1,APPROVED,2021-01-08 11:26:26.993000,2021-01-08 11:44:17.894000,1070.901,23,112,1,100,2021-01-08 12:08:42.993000,4422804F,United Kingdom,United Kingdom,Full-Time,English,,United Kingdom,Female,Yes,Yes
5ff8415f6c8d83584a9e823f,5eb9b011e926960deb4d6d91,APPROVED,2021-01-08 11:26:26.538000,2021-01-08 11:36:41.928000,615.39,24,173,1,100,2021-01-08 12:08:47.092000,4422804F,United Kingdom,United Kingdom,Full-Time,English,English,United Kingdom,Male,No,Yes
5ff84163760d2b59bc42451b,5f9298dccf7c640320716541,APPROVED,2021-01-08 11:26:33.519000,2021-01-08 11:43:36.264000,1022.745,29,62,0,100,2021-01-08 12:08:50.615000,4422804F,United States,United States,Unemployed (and job seeking),DATA EXPIRED,English,United States,Male,No,Yes
5ff841642ac1335a0edba82e,5f50db296d9ce726e639d020,APPROVED,2021-01-08 11:26:28.878000,2021-01-08 11:42:57.316000,988.438,31,88,0,100,2021-01-08 12:08:53.729000,4422804F,United Kingdom,United Kingdom,Full-Time,DATA EXPIRED,English,United Kingdom,Female,No,Yes
5ff841672dbdfb5a8515aef5,5eafe830cf726802582beaa7,APPROVED,2021-01-08 11:26:31.707000,2021-01-08 11:37:07.374000,635.667,26,192,1,100,2021-01-08 12:08:58.683000,4422804F,United Kingdom,United Kingdom,Full-Time,English,English,United Kingdom,Male,Yes,Yes
5ff84168c3321d595383e6b7,5ebfabc7676c2502837188cf,APPROVED,2021-01-08 11:28:33.628000,2021-01-08 11:47:05.832000,1112.204,54,226,2,100,2021-01-08 12:09:06.788000,4422804F,United Kingdom,United Kingdom,Part-Time,English,English,United Kingdom,Female,No,Yes
5ff84168306c94595d22699e,563e35190980220011572d9a,APPROVED,2021-01-08 11:27:21.991000,2021-01-08 11:44:50.142000,1048.151,26,425,11,95,2021-01-08 12:09:02.406000,4422804F,United Kingdom,United Kingdom,Part-Time,English,,United Kingdom,Female,No,Yes
5ff8416a83eb985976d4501f,59d395800118340001369be1,APPROVED,2021-01-08 11:36:23.506000,2021-01-08 11:45:37.833000,554.327,29,379,5,99,2021-01-08 12:09:10.588000,4422804F,United Kingdom,United Kingdom,Full-Time,English,English,United Kingdom,Male,No,Yes
5ff8416b16269f587f5c08ce,5a75b131eea3d300016ddc70,APPROVED,2021-01-08 11:26:35.866000,2021-01-08 11:58:24.093000,1908.227,40,921,9,99,2021-01-08 12:09:14.832000,NOCODE,United Kingdom,United Kingdom,Part-Time,English,English,United Kingdom,Male,No,Yes
5ff8416c2689e758bc5dfc4a,5b9f7e3d00815d00010323f6,APPROVED,2021-01-08 11:26:40.155000,2021-01-08 11:55:35.308000,1735.153,25,719,4,99,2021-01-08 12:09:20.850000,4422804F,United Kingdom,United Kingdom,Other,English,English,United Kingdom,Male,No,Yes
5ff8416f50f436597b34accf,59d3ef2c078dbe000195117f,APPROVED,2021-01-08 11:26:44.229000,2021-01-08 11:38:25.687000,701.458,46,814,8,99,2021-01-08 12:09:26.411000,4422804F,Ireland,United Kingdom,Full-Time,English,English,Ireland,Female,No,Yes
5ff8416fa9a88559198844ba,5fb93f3349adcb75d64045d1,APPROVED,2021-01-08 11:26:42.193000,2021-01-08 11:52:28.574000,1546.381,21,4,0,100,2021-01-08 12:09:31.772000,4422804F,United Kingdom,United Kingdom,Part-Time,DATA EXPIRED,English,United Kingdom,Female,No,Yes
5ff841729481df5a9d893bd9,5f5e116c2074a4664940c45a,APPROVED,2021-01-08 11:26:42.671000,2021-01-08 11:47:54.393000,1271.722,28,125,0,100,2021-01-08 12:09:35.038000,4422804F,United States,Portugal,Part-Time,DATA EXPIRED,English,United States,Male,Yes,Yes
5ff84173079ac1598fcc324f,5edbe8bede51ce095464a4a6,APPROVED,2021-01-08 11:26:43.297000,2021-01-08 11:33:39.248000,415.951,21,225,1,100,2021-01-08 12:09:38.726000,4422804F,United Kingdom,United Kingdom,Other,English,English,United Kingdom,Male,Yes,Yes
5ff84173ca1cd9597be2cb2a,5fca054298bccf24d97f2530,RETURNED,2021-01-08 11:26:46.189000,,13072.573771,47,81,0,100,,,CONSENT REVOKED,CONSENT REVOKED,CONSENT REVOKED,CONSENT REVOKED,CONSENT REVOKED,CONSENT REVOKED,CONSENT REVOKED,CONSENT REVOKED,CONSENT REVOKED
5ff8417a233de957bd8f36df,5ea07a903abacb0452903ef4,RETURNED,2021-01-08 11:26:55.331000,,13063.431896,70,151,1,100,,,CONSENT REVOKED,CONSENT REVOKED,CONSENT REVOKED,CONSENT REVOKED,CONSENT REVOKED,CONSENT REVOKED,CONSENT REVOKED,CONSENT REVOKED,CONSENT REVOKED
5ff8417aaef12a5a056af5a6,5ce317ff4c6a04001cbcc43e,APPROVED,2021-01-08 11:26:53.508000,2021-01-08 11:47:01.467000,1207.959,18,48,1,99,2021-01-08 12:09:42.403000,4422804F,United Kingdom,United Kingdom,Other,English,English,United Kingdom,Female,Yes,Yes
5ff8417fd2e20458ff7f2051,5e809c3515980f776e56a493,APPROVED,2021-01-08 11:26:58.335000,2021-01-08 11:37:43.149000,644.814,48,162,0,100,2021-01-08 12:09:50.074000,4422804F,United Kingdom,United Kingdom,Part-Time,English,English,United Kingdom,Male,No,Yes
5ff8417f6ffd92594425400b,5c86a25570bc1b001262d14e,APPROVED,2021-01-08 11:27:01.541000,2021-01-08 11:45:20.914000,1099.373,37,366,0,100,2021-01-08 12:09:45.824000,4422804F,United Kingdom,United Kingdom,Full-Time,English,,United Kingdom,Male,No,Yes
5ff8418066c81058dd2a3713,5edf2a9fb1248f1cd05f57fd,APPROVED,2021-01-08 11:26:56.215000,2021-01-08 11:35:54.907000,538.692,33,209,0,100,2021-01-08 12:09:53.469000,4422804F,United Kingdom,United Kingdom,Full-Time,English,English,United Kingdom,Male,No,Yes
5ff84182c7546257757c2910,5d51a96b5054110015905fd9,APPROVED,2021-01-08 11:30:01.192000,2021-01-08 11:47:16.211000,1035.019,51,537,1,100,2021-01-08 12:09:57.668000,4422804F,United Kingdom,United Kingdom,Full-Time,English,English,United Kingdom,Male,No,Yes
5ff84184c0a7855a0dc0102b,5ef8bf948a48ac03adaad640,APPROVED,2021-01-08 11:27:03.322000,2021-01-08 11:37:38.636000,635.314,41,169,0,100,2021-01-08 12:10:02.629000,4422804F,United Kingdom,United Kingdom,Full-Time,English,English,United Kingdom,Female,No,Yes
5ff84184e1173b5a89b1947f,5fb835372b02f05267811822,APPROVED,2021-01-08 11:27:06.350000,2021-01-08 11:43:22.640000,976.29,57,36,1,100,2021-01-08 12:10:06.594000,4422804F,United Kingdom,United Kingdom,Full-Time,DATA EXPIRED,English,United Kingdom,Male,No,Yes
5ff841879f6fbd5abec34492,5fa7da82916f3f56b79f134d,APPROVED,2021-01-08 11:28:37.712000,2021-01-08 11:45:48.603000,1030.891,51,46,0,100,2021-01-08 12:10:10.001000,4422804F,United Kingdom,United Kingdom,Unemployed (and job seeking),DATA EXPIRED,English,United Kingdom,Male,No,Yes
5ff84188dfb1e65a01b1f7ad,5edd2d699c9855a147178414,APPROVED,2021-01-08 11:27:04.371000,2021-01-08 11:37:47.861000,643.49,19,148,0,100,2021-01-08 12:10:13.008000,4422804F,Ireland,Ireland,Other,English,English,Ireland,Male,Yes,Yes
5ff841895a30635938016847,5f47c389b90d141e490c3cd8,APPROVED,2021-01-08 11:34:21.845000,2021-01-08 11:49:38.554000,916.709,29,37,2,96,2021-01-08 12:10:16.432000,4422804F,United Kingdom,United Kingdom,Part-Time,DATA EXPIRED,English,United Kingdom,Female,No,Yes
5ff8418afb8b25595dc8a48c,5e3b060655bcb105627427a0,APPROVED,2021-01-08 11:27:08.974000,2021-01-08 11:38:49.342000,700.368,46,65,1,100,2021-01-08 12:10:19.813000,4422804F,United Kingdom,United Kingdom,Part-Time,English,English,United Kingdom,Female,No,Yes
5ff8418b08876e59e4f6e151,5bb756696322c5000159756c,APPROVED,2021-01-08 11:27:07.387000,2021-01-08 11:35:04.401000,477.014,39,101,0,100,2021-01-08 12:10:23.047000,4422804F,United Kingdom,United Kingdom,Full-Time,English,English,United Kingdom,Male,No,Yes
5ff8418c1dc9d159da4ebab2,58542426733c730001a5d1f4,APPROVED,2021-01-08 11:27:10.122000,2021-01-08 11:36:03.326000,533.204,26,229,1,100,2021-01-08 12:10:26.527000,4422804F,United Kingdom,United Kingdom,Unemployed (and job seeking),English,,United Kingdom,Male,No,Yes
5ff8419b461d995912ba0ba0,5abc11e6e1099600016a3097,APPROVED,2021-01-08 11:27:49.851000,2021-01-08 11:44:12.571000,982.72,25,1138,7,100,2021-01-08 12:10:30.322000,4422804F,United Kingdom,United Kingdom,Full-Time,English,English,United Kingdom,Male,No,Yes
5ff842552e30bf5983938182,5c5cad3e4ee81200018eafe2,APPROVED,2021-01-08 11:30:29.611000,2021-01-08 11:46:10.087000,940.476,68,782,0,100,2021-01-08 12:10:37.032000,4422804F,United Kingdom,United Kingdom,Full-Time,English,English,United Kingdom,Female,No,Yes
5ff8427b5de7ad5949559139,5e9f31ca9b0a040704ee0bad,APPROVED,2021-01-08 11:31:14.750000,2021-01-08 12:03:25.546000,1930.796,22,257,4,99,2021-01-08 12:10:42.695000,4422804F,United Kingdom,United Kingdom,Full-Time,English,English,United Kingdom,Female,No,Yes
5ff842a32769685a005d8913,5e792b54ede26d0bc3d47d12,APPROVED,2021-01-08 11:31:47.373000,2021-01-08 11:45:14.157000,806.784,35,292,3,99,2021-01-08 12:10:46.736000,4422804F,United Kingdom,United Kingdom,Full-Time,English,English,United Kingdom,Female,No,Yes
5ff842e78892285991eab553,5f845de0d84e1708b2840afc,APPROVED,2021-01-08 11:33:00.877000,2021-01-08 11:45:31.514000,750.637,37,54,0,100,2021-01-08 12:10:50.882000,4422804F,United Kingdom,United Kingdom,"Not in paid work (e.g. homemaker', 'retired or disabled)",DATA EXPIRED,English,United Kingdom,Female,No,Yes
5ff84591dfb1e65a01b1f7bd,5f312814fe3e955b2951284c,APPROVED,2021-01-08 11:44:21.097000,2021-01-08 11:53:36.274000,555.177,27,124,0,100,2021-01-08 12:10:54.494000,4422804F,United Kingdom,United Kingdom,Part-Time,DATA EXPIRED,English,United Kingdom,Female,No,Yes
5ff85a1016664d01db9ab56d,5bfc830fa1f050000101f9b0,APPROVED,2021-01-08 13:13:33.594000,2021-01-08 13:25:10.600000,697.006,20,101,1,99,2021-01-08 14:12:43.543000,4422804F,United Kingdom,United Kingdom,Part-Time,English,English,United Kingdom,Female,Yes,Yes
5ff85a123bd20c025f7ab5b2,5adfa601eb6040000153a828,APPROVED,2021-01-08 13:14:41.703000,2021-01-08 13:28:42.035000,840.332,49,598,5,100,2021-01-08 14:12:47.381000,4422804F,United Kingdom,United Kingdom,Full-Time,English,English,United Kingdom,Male,No,Yes
5ff85a16723096016bac4605,5caba2588d77140014bac508,APPROVED,2021-01-08 13:11:50.623000,2021-01-08 13:27:04.795000,914.172,33,403,5,97,2021-01-08 14:12:53.097000,4422804F,United Kingdom,United Kingdom,Full-Time,English,,United Kingdom,Male,No,Yes
5ff85a198f040a0171806771,5fbcf3ea644b471f87e75243,APPROVED,2021-01-08 13:11:59.240000,2021-01-08 13:26:30.322000,871.082,49,10,0,100,2021-01-08 14:12:58.176000,4422804F,United Kingdom,United Kingdom,Full-Time,,English,United Kingdom,Female,No,Yes
5ff85a1a3bd20c01e3b795d3,5de312201efe513486ed5569,APPROVED,2021-01-08 13:11:54.212000,2021-01-08 13:19:28.168000,453.956,32,350,0,100,2021-01-08 14:13:02.047000,4422804F,United Kingdom,United Kingdom,Full-Time,English,English,United Kingdom,Male,No,Yes
5ff85a1e2f3435025c577b50,5cf5134c8f8ff80019e76721,APPROVED,2021-01-08 13:11:58.139000,2021-01-08 13:21:07.773000,549.634,47,1071,1,100,2021-01-08 14:13:07.295000,4422804F,United States,United States,Full-Time,English,English,United States,Male,No,Yes
5ff85a1e78203f01f19f94d0,5b7ffeeb05fbbd00016aa0bc,APPROVED,2021-01-08 13:11:58.637000,2021-01-08 13:20:47.416000,528.779,40,403,3,99,2021-01-08 14:13:15.295000,4422804F,United Kingdom,United Kingdom,Other,English,English,United Kingdom,Female,No,Yes
5ff85a1fd3d12b025b309c57,5f511eed82c8f6108cbec10d,TIMED-OUT,2021-01-08 13:11:59.027000,,6766.836756,22,99,0,100,,,United Kingdom,United Kingdom,Unemployed (and job seeking),DATA EXPIRED,English,United Kingdom,Male,Yes,Yes
5ff85a1f46564d01def330b4,5fd0ed3ee993330172b0b97a,APPROVED,2021-01-08 13:11:59.334000,2021-01-08 13:30:31.258000,1111.924,69,51,1,100,2021-01-08 14:13:20.282000,4422804F,United States,United States,"Not in paid work (e.g. homemaker', 'retired or disabled)",DATA EXPIRED,English,United States,Male,No,Yes
5ff85a254562ef025bf0d856,5f607efeea3f070107273203,RETURNED,2021-01-08 13:12:05.678000,,6760.419939,71,104,0,100,,,CONSENT REVOKED,CONSENT REVOKED,CONSENT REVOKED,CONSENT REVOKED,CONSENT REVOKED,CONSENT REVOKED,CONSENT REVOKED,CONSENT REVOKED,CONSENT REVOKED
5ff85d58b591c60351dcda14,5f95c381d608020c9d0bcb7b,APPROVED,2021-01-08 13:25:44.080000,2021-01-08 13:35:15.393000,571.313,28,86,0,100,2021-01-08 14:13:23.982000,4422804F,Poland,United Kingdom,Full-Time,DATA EXPIRED,English,United Kingdom,Female,No,Yes
5ff868f0b5a05a0441ddb195,5c2fcd716ea6880001dc8e3d,APPROVED,2021-01-08 14:15:12.280000,2021-01-08 14:36:30.401000,1278.121,57,875,3,100,2021-01-08 14:40:59.304000,4422804F,United States,United States,Part-Time,English,English,United States,Female,No,Yes
